<?xml version="1.0" encoding="utf-8"?>
<Project DefaultTargets="Build" ToolsVersion="15.0" xmlns="http://schemas.microsoft.com/developer/msbuild/2003">
  <ItemGroup Label="ProjectConfigurations">
    <ProjectConfiguration Include="Debug|Win32">
      <Configuration>Debug</Configuration>
      <Platform>Win32</Platform>
    </ProjectConfiguration>
    <ProjectConfiguration Include="Release|Win32">
      <Configuration>Release</Configuration>
      <Platform>Win32</Platform>
    </ProjectConfiguration>
    <ProjectConfiguration Include="Debug|x64">
      <Configuration>Debug</Configuration>
      <Platform>x64</Platform>
    </ProjectConfiguration>
    <ProjectConfiguration Include="Release|x64">
      <Configuration>Release</Configuration>
      <Platform>x64</Platform>
    </ProjectConfiguration>
  </ItemGroup>
  <PropertyGroup Label="Globals">
    <VCProjectVersion>15.0</VCProjectVersion>
    <ProjectGuid>{5079D2CA-25EE-47A4-BC36-03CE82562E3E}</ProjectGuid>
    <RootNamespace>OOPTask1a</RootNamespace>
    <WindowsTargetPlatformVersion>10.0</WindowsTargetPlatformVersion>
  </PropertyGroup>
  <Import Project="$(VCTargetsPath)\Microsoft.Cpp.Default.props" />
  <PropertyGroup Condition="'$(Configuration)|$(Platform)'=='Debug|Win32'" Label="Configuration">
    <ConfigurationType>Application</ConfigurationType>
    <UseDebugLibraries>true</UseDebugLibraries>
    <PlatformToolset>v142</PlatformToolset>
    <CharacterSet>MultiByte</CharacterSet>
  </PropertyGroup>
  <PropertyGroup Condition="'$(Configuration)|$(Platform)'=='Release|Win32'" Label="Configuration">
    <ConfigurationType>Application</ConfigurationType>
    <UseDebugLibraries>false</UseDebugLibraries>
    <PlatformToolset>v142</PlatformToolset>
    <WholeProgramOptimization>true</WholeProgramOptimization>
    <CharacterSet>MultiByte</CharacterSet>
  </PropertyGroup>
  <PropertyGroup Condition="'$(Configuration)|$(Platform)'=='Debug|x64'" Label="Configuration">
    <ConfigurationType>Application</ConfigurationType>
    <UseDebugLibraries>true</UseDebugLibraries>
    <PlatformToolset>v142</PlatformToolset>
    <CharacterSet>MultiByte</CharacterSet>
  </PropertyGroup>
  <PropertyGroup Condition="'$(Configuration)|$(Platform)'=='Release|x64'" Label="Configuration">
    <ConfigurationType>Application</ConfigurationType>
    <UseDebugLibraries>false</UseDebugLibraries>
    <PlatformToolset>v142</PlatformToolset>
    <WholeProgramOptimization>true</WholeProgramOptimization>
    <CharacterSet>MultiByte</CharacterSet>
  </PropertyGroup>
  <Import Project="$(VCTargetsPath)\Microsoft.Cpp.props" />
  <ImportGroup Label="ExtensionSettings">
  </ImportGroup>
  <ImportGroup Label="Shared">
  </ImportGroup>
  <ImportGroup Label="PropertySheets" Condition="'$(Configuration)|$(Platform)'=='Debug|Win32'">
    <Import Project="$(UserRootDir)\Microsoft.Cpp.$(Platform).user.props" Condition="exists('$(UserRootDir)\Microsoft.Cpp.$(Platform).user.props')" Label="LocalAppDataPlatform" />
  </ImportGroup>
  <ImportGroup Label="PropertySheets" Condition="'$(Configuration)|$(Platform)'=='Release|Win32'">
    <Import Project="$(UserRootDir)\Microsoft.Cpp.$(Platform).user.props" Condition="exists('$(UserRootDir)\Microsoft.Cpp.$(Platform).user.props')" Label="LocalAppDataPlatform" />
  </ImportGroup>
  <ImportGroup Label="PropertySheets" Condition="'$(Configuration)|$(Platform)'=='Debug|x64'">
    <Import Project="$(UserRootDir)\Microsoft.Cpp.$(Platform).user.props" Condition="exists('$(UserRootDir)\Microsoft.Cpp.$(Platform).user.props')" Label="LocalAppDataPlatform" />
  </ImportGroup>
  <ImportGroup Label="PropertySheets" Condition="'$(Configuration)|$(Platform)'=='Release|x64'">
    <Import Project="$(UserRootDir)\Microsoft.Cpp.$(Platform).user.props" Condition="exists('$(UserRootDir)\Microsoft.Cpp.$(Platform).user.props')" Label="LocalAppDataPlatform" />
  </ImportGroup>
  <PropertyGroup Label="UserMacros" />
  <PropertyGroup Condition="'$(Configuration)|$(Platform)'=='Debug|Win32'" />
  <ItemDefinitionGroup Condition="'$(Configuration)|$(Platform)'=='Debug|Win32'">
    <ClCompile>
      <WarningLevel>Level3</WarningLevel>
      <Optimization>Disabled</Optimization>
      <SDLCheck>true</SDLCheck>
      <AdditionalIncludeDirectories>$(SolutionDir)\raylib\include;%(AdditionalIncludeDirectories)</AdditionalIncludeDirectories>
    </ClCompile>
    <Link />
    <Link />
    <Link>
      <AdditionalLibraryDirectories>$(SolutionDir)\raylib\lib;%(AdditionalLibraryDirectories)</AdditionalLibraryDirectories>
      <AdditionalDependencies>raylib_static.lib;winmm.lib;%(AdditionalDependencies)</AdditionalDependencies>
    </Link>
  </ItemDefinitionGroup>
  <ItemDefinitionGroup Condition="'$(Configuration)|$(Platform)'=='Debug|x64'">
    <ClCompile>
      <WarningLevel>Level3</WarningLevel>
      <Optimization>Disabled</Optimization>
      <SDLCheck>true</SDLCheck>
      <AdditionalIncludeDirectories>$(SolutionDir)\raylib\include;%(AdditionalIncludeDirectories)</AdditionalIncludeDirectories>
    </ClCompile>
    <Link />
    <Link />
    <Link>
      <AdditionalLibraryDirectories>$(SolutionDir)\raylib\lib;%(AdditionalLibraryDirectories)</AdditionalLibraryDirectories>
      <AdditionalDependencies>raylib_static.lib;%(AdditionalDependencies)</AdditionalDependencies>
    </Link>
  </ItemDefinitionGroup>
  <ItemDefinitionGroup Condition="'$(Configuration)|$(Platform)'=='Release|Win32'">
    <ClCompile>
      <WarningLevel>Level3</WarningLevel>
      <Optimization>MaxSpeed</Optimization>
      <FunctionLevelLinking>true</FunctionLevelLinking>
      <IntrinsicFunctions>true</IntrinsicFunctions>
      <SDLCheck>true</SDLCheck>
      <AdditionalIncludeDirectories>$(SolutionDir)\raylib\include;%(AdditionalIncludeDirectories)</AdditionalIncludeDirectories>
    </ClCompile>
    <Link>
      <EnableCOMDATFolding>true</EnableCOMDATFolding>
      <OptimizeReferences>true</OptimizeReferences>
      <AdditionalLibraryDirectories>$(SolutionDir)\raylib\lib;%(AdditionalLibraryDirectories)</AdditionalLibraryDirectories>
      <AdditionalDependencies>raylib_static.lib;winmm.lib;%(AdditionalDependencies)</AdditionalDependencies>
    </Link>
  </ItemDefinitionGroup>
  <ItemDefinitionGroup Condition="'$(Configuration)|$(Platform)'=='Release|x64'">
    <ClCompile>
      <WarningLevel>Level3</WarningLevel>
      <Optimization>MaxSpeed</Optimization>
      <FunctionLevelLinking>true</FunctionLevelLinking>
      <IntrinsicFunctions>true</IntrinsicFunctions>
      <SDLCheck>true</SDLCheck>
      <AdditionalIncludeDirectories>$(SolutionDir)\raylib\include;%(AdditionalIncludeDirectories)</AdditionalIncludeDirectories>
    </ClCompile>
    <Link>
      <EnableCOMDATFolding>true</EnableCOMDATFolding>
      <OptimizeReferences>true</OptimizeReferences>
      <AdditionalLibraryDirectories>$(SolutionDir)\raylib\lib;%(AdditionalLibraryDirectories)</AdditionalLibraryDirectories>
      <AdditionalDependencies>raylib_static.lib;%(AdditionalDependencies)</AdditionalDependencies>
    </Link>
  </ItemDefinitionGroup>
  <ItemGroup>
    <ClCompile Include="Game.cpp" />
    <ClCompile Include="Mouse.cpp" />
    <ClCompile Include="RandomNumberGenerator.cpp" />
    <ClCompile Include="Snake.cpp" />
    <ClCompile Include="Source.cpp" />
    <ClCompile Include="Underground.cpp" />
  </ItemGroup>
  <ItemGroup>
    <ClInclude Include="Constants.h" />
    <ClInclude Include="Game.h" />
    <ClInclude Include="Mouse.h" />
    <ClInclude Include="RandomNumberGenerator.h" />
    <ClInclude Include="Snake.h" />
    <ClInclude Include="Underground.h" />
  </ItemGroup>
  <Import Project="$(VCTargetsPath)\Microsoft.Cpp.targets" />
  <ImportGroup Label="ExtensionTargets">
  </ImportGroup>
</Project>